Ticker,sector
A,0.0
ABBV,0.0
ABC,0.0
ABMD,0.0
ABT,0.0
ACAD,0.0
ACCD,0.0
ACHC,0.0
ACRS,0.0
ADPT,0.0
ADRO,0.0
ADUS,0.0
AERI,0.0
AFMD,0.0
AGEN,0.0
AGIO,0.0
AGL,0.0
AGTI,0.0
AHCO,0.0
AKBA,0.0
AKRO,0.0
ALBO,0.0
ALDX,0.0
ALEC,0.0
ALGN,0.0
ALGS,0.0
ALHC,0.0
ALKS,0.0
ALLK,0.0
ALLO,0.0
ALNY,0.0
ALT,0.0
ALVR,0.0
ALXO,0.0
AMED,0.0
AMEH,0.0
AMGN,0.0
AMN,0.0
AMPE,0.0
AMPH,0.0
AMRX,0.0
AMTI,0.0
AMWL,0.0
ANAB,0.0
ANGO,0.0
ANIK,0.0
ANNX,0.0
ANTM,0.0
APLS,0.0
APLT,0.0
APYX,0.0
ARAY,0.0
ARCT,0.0
ARDX,0.0
ARNA,0.0
ARQT,0.0
ARVN,0.0
ARWR,0.0
ASXC,0.0
ATEC,0.0
ATHA,0.0
ATHX,0.0
ATNX,0.0
ATOS,0.0
ATRA,0.0
ATRC,0.0
ATRI,0.0
ATRS,0.0
AVAH,0.0
AVIR,0.0
AVNS,0.0
AVRO,0.0
AVTR,0.0
AVXL,0.0
AWH,0.0
AXGN,0.0
AXNX,0.0
AXSM,0.0
BAX,0.0
BBIO,0.0
BCAB,0.0
BCRX,0.0
BDSI,0.0
BDX,0.0
BEAM,0.0
BFLY,0.0
BHVN,0.0
BIIB,0.0
BIO,0.0
BKD,0.0
BLFS,0.0
BLI,0.0
BLUE,0.0
BMRN,0.0
BMY,0.0
BNGO,0.0
BPMC,0.0
BRKR,0.0
BSX,0.0
BTAI,0.0
BTX,0.0
CAH,0.0
CARA,0.0
CCCC,0.0
CCRN,0.0
CCXI,0.0
CDAK,0.0
CDMO,0.0
CDNA,0.0
CDXC,0.0
CDXS,0.0
CERE,0.0
CERN,0.0
CERS,0.0
CERT,0.0
CGEM,0.0
CHE,0.0
CHNG,0.0
CHRS,0.0
CI,0.0
CLDX,0.0
CLPT,0.0
CLVS,0.0
CMRX,0.0
CNC,0.0
CNMD,0.0
COGT,0.0
COLL,0.0
COO,0.0
CORT,0.0
CPRX,0.0
CPSI,0.0
CRIS,0.0
CRL,0.0
CRNX,0.0
CRTX,0.0
CRVL,0.0
CRY,0.0
CSII,0.0
CSTL,0.0
CTLT,0.0
CTMX,0.0
CTSO,0.0
CTXR,0.0
CUE,0.0
CUTR,0.0
CVAC,0.0
CVET,0.0
CVM,0.0
CVS,0.0
CYH,0.0
CYRX,0.0
CYTK,0.0
DCPH,0.0
DGX,0.0
DHR,0.0
DMTK,0.0
DNLI,0.0
DRNA,0.0
DRRX,0.0
DSGN,0.0
DTIL,0.0
DVA,0.0
DVAX,0.0
DXCM,0.0
DYN,0.0
EAR,0.0
EBS,0.0
EDIT,0.0
EGRX,0.0
EHC,0.0
ELAN,0.0
ENDP,0.0
ENSG,0.0
ENTA,0.0
EOLS,0.0
EPZM,0.0
ESPR,0.0
EVH,0.0
EVLO,0.0
EW,0.0
EWTX,0.0
EXAS,0.0
EXEL,0.0
FATE,0.0
FBRX,0.0
FGEN,0.0
FLDM,0.0
FLGT,0.0
FLXN,0.0
FMTX,0.0
FOLD,0.0
GBIO,0.0
GBT,0.0
GERN,0.0
GH,0.0
GILD,0.0
GKOS,0.0
GMED,0.0
GOSS,0.0
GRTS,0.0
GTHX,0.0
GTS,0.0
GTXI,0.0
HAE,0.0
HALO,0.0
HBIO,0.0
HCA,0.0
HCAT,0.0
HGEN,0.0
HNGR,0.0
HOLX,0.0
HQY,0.0
HRC,0.0
HRMY,0.0
HRTX,0.0
HSIC,0.0
HSKA,0.0
HSTM,0.0
HUM,0.0
HZNP,0.0
IART,0.0
IBIO,0.0
IBRX,0.0
ICAD,0.0
ICPT,0.0
ICUI,0.0
IDXX,0.0
IDYA,0.0
IGMS,0.0
ILMN,0.0
IMGN,0.0
IMVT,0.0
INBX,0.0
INCY,0.0
INGN,0.0
INNV,0.0
INO,0.0
INOV,0.0
INSM,0.0
INSP,0.0
INVA,0.0
IONS,0.0
IOVA,0.0
IQV,0.0
IRTC,0.0
IRWD,0.0
ISEE,0.0
ISRG,0.0
ITCI,0.0
ITGR,0.0
ITOS,0.0
JAZZ,0.0
JNJ,0.0
JYNT,0.0
KALV,0.0
KDMN,0.0
KDNY,0.0
KIDS,0.0
KMPH,0.0
KNSA,0.0
KNTE,0.0
KOD,0.0
KPTI,0.0
KRON,0.0
KROS,0.0
KRTX,0.0
KRYS,0.0
KURA,0.0
KYMR,0.0
LCTX,0.0
LGND,0.0
LH,0.0
LHCG,0.0
LIVN,0.0
LLY,0.0
LMAT,0.0
LNTH,0.0
LUNG,0.0
MASI,0.0
MCK,0.0
MCRB,0.0
MD,0.0
MDGL,0.0
MDRX,0.0
MDT,0.0
MDXG,0.0
MEDP,0.0
MEIP,0.0
MGLN,0.0
MGNX,0.0
MGTX,0.0
MLAB,0.0
MMSI,0.0
MNKD,0.0
MNMD,0.0
MODV,0.0
MOH,0.0
MORF,0.0
MPLN,0.0
MRK,0.0
MRNA,0.0
MRNS,0.0
MRSN,0.0
MRTX,0.0
MRVI,0.0
MTD,0.0
MTEM,0.0
MYGN,0.0
NARI,0.0
NBIX,0.0
NEO,0.0
NEOG,0.0
NGM,0.0
NHC,0.0
NKTR,0.0
NKTX,0.0
NLTX,0.0
NOTV,0.0
NRC,0.0
NRIX,0.0
NSTG,0.0
NTLA,0.0
NTRA,0.0
NTUS,0.0
NUVA,0.0
NUVB,0.0
NVAX,0.0
NVCR,0.0
NVRO,0.0
NVST,0.0
NVTA,0.0
NXGN,0.0
OCDX,0.0
OCGN,0.0
OCUL,0.0
OCX,0.0
OFIX,0.0
OGN,0.0
OLMA,0.0
OM,0.0
OMCL,0.0
OMER,0.0
OMI,0.0
ONCR,0.0
ONEM,0.0
OPCH,0.0
OPK,0.0
OPRX,0.0
ORGO,0.0
ORIC,0.0
OSH,0.0
OSUR,0.0
OTRK,0.0
PACB,0.0
PAHC,0.0
PASG,0.0
PAVM,0.0
PBH,0.0
PCRX,0.0
PCVX,0.0
PDCO,0.0
PEN,0.0
PETQ,0.0
PFE,0.0
PGEN,0.0
PGNY,0.0
PHAT,0.0
PHR,0.0
PINC,0.0
PKI,0.0
PLRX,0.0
PMVP,0.0
PNTG,0.0
PODD,0.0
PPD,0.0
PRAX,0.0
PRGO,0.0
PRLD,0.0
PRTA,0.0
PRVA,0.0
PRVB,0.0
PSNL,0.0
PSTX,0.0
PTCT,0.0
PTGX,0.0
QDEL,0.0
QGEN,0.0
QTRX,0.0
RAPT,0.0
RARE,0.0
RCEL,0.0
RCKT,0.0
RCM,0.0
RCUS,0.0
RDNT,0.0
RDUS,0.0
REGN,0.0
REPL,0.0
RETA,0.0
RGEN,0.0
RGNX,0.0
RIGL,0.0
RLAY,0.0
RLMD,0.0
RMD,0.0
RNA,0.0
RPRX,0.0
RUBY,0.0
RVMD,0.0
RVNC,0.0
RXRX,0.0
RYTM,0.0
SAGE,0.0
SANA,0.0
SAVA,0.0
SBTX,0.0
SDGR,0.0
SEER,0.0
SELB,0.0
SEM,0.0
SENS,0.0
SESN,0.0
SGEN,0.0
SGFY,0.0
SGMO,0.0
SGRY,0.0
SHC,0.0
SIBN,0.0
SIEN,0.0
SIGA,0.0
SILK,0.0
SLP,0.0
SNDX,0.0
SPNE,0.0
SPPI,0.0
SPRO,0.0
SQZ,0.0
SRDX,0.0
SRNE,0.0
SRPT,0.0
SRRK,0.0
STAA,0.0
STE,0.0
STIM,0.0
STOK,0.0
STRO,0.0
STTK,0.0
STXS,0.0
SUPN,0.0
SWAV,0.0
SWTX,0.0
SYK,0.0
SYNH,0.0
SYRS,0.0
TBIO,0.0
TBPH,0.0
TCMD,0.0
TCRR,0.0
TDOC,0.0
TECH,0.0
TFX,0.0
TGTX,0.0
THC,0.0
TMCI,0.0
TMDX,0.0
TMO,0.0
TNDM,0.0
TNXP,0.0
TPTX,0.0
TRHC,0.0
TRIL,0.0
TSHA,0.0
TVTX,0.0
TVTY,0.0
TWST,0.0
TXG,0.0
TXMD,0.0
UHS,0.0
UNH,0.0
URGN,0.0
USPH,0.0
UTHR,0.0
VAPO,0.0
VBIV,0.0
VCEL,0.0
VCRA,0.0
VCYT,0.0
VEEV,0.0
VIR,0.0
VIRX,0.0
VIVO,0.0
VKTX,0.0
VNDA,0.0
VRAY,0.0
VREX,0.0
VRTX,0.0
VSTM,0.0
VTGN,0.0
VTRS,0.0
VXRT,0.0
WAT,0.0
WST,0.0
XENT,0.0
XLRN,0.0
XNCR,0.0
XRAY,0.0
YMAB,0.0
ZBH,0.0
ZGNX,0.0
ZIOP,0.0
ZNTL,0.0
ZTS,0.0
ALTO,1.0
AM,1.0
APA,1.0
AR,1.0
ARCH,1.0
AROC,1.0
ASPN,1.0
BCEI,1.0
BKR,1.0
BOOM,1.0
BRY,1.0
BTU,1.0
CDEV,1.0
CEIX,1.0
CHK,1.0
CHX,1.0
CLNE,1.0
CLR,1.0
CNX,1.0
COG,1.0
COP,1.0
CPE,1.0
CRC,1.0
CRK,1.0
CVI,1.0
CVX,1.0
DEN,1.0
DHT,1.0
DK,1.0
DRQ,1.0
DTM,1.0
DVN,1.0
EOG,1.0
EQT,1.0
ETRN,1.0
FANG,1.0
FI,1.0
FRO,1.0
GEVO,1.0
GLNG,1.0
GPRE,1.0
HAL,1.0
HES,1.0
HFC,1.0
HLX,1.0
HP,1.0
INSW,1.0
INT,1.0
KMI,1.0
KOS,1.0
LBRT,1.0
LNG,1.0
LPG,1.0
LPI,1.0
MCF,1.0
MGY,1.0
MMAT,1.0
MNRL,1.0
MPC,1.0
MRO,1.0
MTDR,1.0
MUR,1.0
NAT,1.0
NBR,1.0
NESR,1.0
NEX,1.0
NFE,1.0
NOG,1.0
NOV,1.0
OAS,1.0
OII,1.0
OIS,1.0
OKE,1.0
OVV,1.0
OXY,1.0
PARR,1.0
PBF,1.0
PDCE,1.0
PSX,1.0
PTEN,1.0
PUMP,1.0
PXD,1.0
REGI,1.0
REPX,1.0
REX,1.0
RRC,1.0
SFL,1.0
SLB,1.0
SLCA,1.0
SM,1.0
SOI,1.0
STNG,1.0
SWN,1.0
TALO,1.0
TDW,1.0
TELL,1.0
TPL,1.0
TRGP,1.0
TTI,1.0
UEC,1.0
URG,1.0
UUUU,1.0
VEI,1.0
VLO,1.0
WHD,1.0
WLL,1.0
WLLAW,1.0
WLLBW,1.0
WMB,1.0
WTI,1.0
WTTR,1.0
XEC,1.0
XOG,1.0
XOM,1.0
ACI,2.0
ADM,2.0
ANDE,2.0
APPH,2.0
AVO,2.0
BFA,2.0
BFB,2.0
BG,2.0
BGS,2.0
BJ,2.0
BRBR,2.0
BYND,2.0
CAG,2.0
CALM,2.0
CASY,2.0
CELH,2.0
CENT,2.0
CENTA,2.0
CHD,2.0
CHEF,2.0
CL,2.0
CLX,2.0
COKE,2.0
COST,2.0
COTY,2.0
CPB,2.0
CVGW,2.0
DAR,2.0
EL,2.0
ELF,2.0
ENR,2.0
EPC,2.0
FDP,2.0
FIZZ,2.0
FLO,2.0
FREE,2.0
FRPT,2.0
GIS,2.0
GO,2.0
HAIN,2.0
HLF,2.0
HNST,2.0
HRL,2.0
HSY,2.0
IMKTA,2.0
INGR,2.0
IPAR,2.0
JBSS,2.0
JJSF,2.0
K,2.0
KDP,2.0
KHC,2.0
KMB,2.0
KO,2.0
KR,2.0
LANC,2.0
LMNR,2.0
LW,2.0
MDLZ,2.0
MED,2.0
MGPI,2.0
MKC,2.0
MNST,2.0
MO,2.0
NAPA,2.0
NUS,2.0
PEP,2.0
PFGC,2.0
PG,2.0
PM,2.0
POST,2.0
PPC,2.0
PRMW,2.0
PSMT,2.0
RAD,2.0
REYN,2.0
SAFM,2.0
SAM,2.0
SEB,2.0
SENEA,2.0
SFM,2.0
SJM,2.0
SKIN,2.0
SMPL,2.0
SPB,2.0
SPTN,2.0
STZ,2.0
SYY,2.0
TAP,2.0
THS,2.0
TPB,2.0
TR,2.0
TSN,2.0
TTCF,2.0
TWNK,2.0
UNFI,2.0
USFD,2.0
USNA,2.0
UTZ,2.0
UVV,2.0
VERU,2.0
VGR,2.0
VITL,2.0
WBA,2.0
WDFC,2.0
WMK,2.0
WMT,2.0
XXII,2.0
AAPL,3.0
ACIW,3.0
ACLS,3.0
ACN,3.0
ADBE,3.0
ADI,3.0
ADP,3.0
ADS,3.0
ADSK,3.0
ADTN,3.0
AEIS,3.0
AEVA,3.0
AGYS,3.0
AI,3.0
AKAM,3.0
AKTS,3.0
ALGM,3.0
ALRM,3.0
ALTR,3.0
AMAT,3.0
AMBA,3.0
AMD,3.0
AMKR,3.0
AMSWA,3.0
ANET,3.0
ANSS,3.0
AOSL,3.0
APH,3.0
APPF,3.0
APPN,3.0
APPS,3.0
ARLO,3.0
ARW,3.0
ASAN,3.0
ATEN,3.0
ATOM,3.0
AVGO,3.0
AVID,3.0
AVLR,3.0
AVNW,3.0
AVT,3.0
AVYA,3.0
AXTI,3.0
AYX,3.0
AZPN,3.0
BCOV,3.0
BDC,3.0
BHE,3.0
BIGC,3.0
BILL,3.0
BKI,3.0
BL,3.0
BLKB,3.0
BMI,3.0
BNFT,3.0
BOX,3.0
BR,3.0
BRKS,3.0
BSY,3.0
BTRS,3.0
CALX,3.0
CAMP,3.0
CASS,3.0
CCMP,3.0
CDAY,3.0
CDK,3.0
CDNS,3.0
CDW,3.0
CEVA,3.0
CGNX,3.0
CIEN,3.0
CLDR,3.0
CLFD,3.0
CLSK,3.0
CMBM,3.0
CMTL,3.0
CNDT,3.0
CNXC,3.0
CNXN,3.0
COHR,3.0
COHU,3.0
COMM,3.0
COUP,3.0
CREE,3.0
CRM,3.0
CRNC,3.0
CRSR,3.0
CRUS,3.0
CRWD,3.0
CSCO,3.0
CSGS,3.0
CSOD,3.0
CTLP,3.0
CTS,3.0
CTSH,3.0
CTXS,3.0
CVLT,3.0
DBD,3.0
DBX,3.0
DCT,3.0
DDD,3.0
DDOG,3.0
DELL,3.0
DGII,3.0
DIOD,3.0
DLB,3.0
DMRC,3.0
DOCN,3.0
DOCU,3.0
DOMO,3.0
DOX,3.0
DSP,3.0
DT,3.0
DV,3.0
DXC,3.0
DZSI,3.0
EBIX,3.0
ECOM,3.0
EEFT,3.0
EGHT,3.0
EMKR,3.0
ENPH,3.0
ENTG,3.0
ENV,3.0
EPAM,3.0
EPAY,3.0
ESTC,3.0
ETWO,3.0
EVBG,3.0
EVOP,3.0
EVTC,3.0
EXLS,3.0
EXTR,3.0
FARO,3.0
FEYE,3.0
FFIV,3.0
FICO,3.0
FIS,3.0
FISV,3.0
FIVN,3.0
FLT,3.0
FN,3.0
FORM,3.0
FOUR,3.0
FROG,3.0
FSLR,3.0
FSLY,3.0
FTNT,3.0
G,3.0
GDDY,3.0
GDYN,3.0
GLOB,3.0
GLW,3.0
GPN,3.0
GSKY,3.0
GWRE,3.0
HCKT,3.0
HEAR,3.0
HLIT,3.0
HPE,3.0
HPQ,3.0
HUBS,3.0
IBM,3.0
ICHR,3.0
IDCC,3.0
IIIV,3.0
IIVI,3.0
IMXI,3.0
INFN,3.0
INSG,3.0
INTC,3.0
INTU,3.0
IPGP,3.0
IT,3.0
ITRI,3.0
JAMF,3.0
JBL,3.0
JCOM,3.0
JKHY,3.0
JNPR,3.0
KE,3.0
KEYS,3.0
KLAC,3.0
KLIC,3.0
KN,3.0
KODK,3.0
KOPN,3.0
LASR,3.0
LFUS,3.0
LITE,3.0
LLNW,3.0
LPSN,3.0
LRCX,3.0
LSCC,3.0
LUNA,3.0
MA,3.0
MANH,3.0
MARA,3.0
MASS,3.0
MCFE,3.0
MCHP,3.0
MDB,3.0
MDLA,3.0
MEI,3.0
MGI,3.0
MIME,3.0
MITK,3.0
MKSI,3.0
MMS,3.0
MNTV,3.0
MODN,3.0
MPWR,3.0
MRVL,3.0
MSFT,3.0
MSI,3.0
MSP,3.0
MSTR,3.0
MTSI,3.0
MU,3.0
MVIS,3.0
MXIM,3.0
MXL,3.0
NABL,3.0
NATI,3.0
NCNO,3.0
NCR,3.0
NET,3.0
NEWR,3.0
NLOK,3.0
NOVT,3.0
NOW,3.0
NPTN,3.0
NSIT,3.0
NSSC,3.0
NTAP,3.0
NTCT,3.0
NTGR,3.0
NTNX,3.0
NUAN,3.0
NVDA,3.0
NVEC,3.0
NXPI,3.0
OKTA,3.0
OLED,3.0
ON,3.0
ONTF,3.0
ONTO,3.0
ORCL,3.0
OSIS,3.0
OSPN,3.0
OUST,3.0
PANW,3.0
PAR,3.0
PAYA,3.0
PAYC,3.0
PAYX,3.0
PCTY,3.0
PD,3.0
PDFS,3.0
PEGA,3.0
PFPT,3.0
PI,3.0
PING,3.0
PLAB,3.0
PLAN,3.0
PLTR,3.0
PLUS,3.0
PLXS,3.0
POLY,3.0
POWI,3.0
PRFT,3.0
PRGS,3.0
PRO,3.0
PSFE,3.0
PSTG,3.0
PTC,3.0
PYPL,3.0
QADA,3.0
QCOM,3.0
QLYS,3.0
QMCO,3.0
QRVO,3.0
QTWO,3.0
RAMP,3.0
RBBN,3.0
RIOT,3.0
RMBS,3.0
RMNI,3.0
RNG,3.0
ROG,3.0
RPAY,3.0
RPD,3.0
RXT,3.0
SABR,3.0
SAIL,3.0
SANM,3.0
SATS,3.0
SCSC,3.0
SGH,3.0
SITM,3.0
SLAB,3.0
SMAR,3.0
SMCI,3.0
SMTC,3.0
SNOW,3.0
SNPS,3.0
SNX,3.0
SPLK,3.0
SPNS,3.0
SPSC,3.0
SPT,3.0
SPWR,3.0
SQ,3.0
SSNC,3.0
SSTI,3.0
STNE,3.0
SUMO,3.0
SWCH,3.0
SWI,3.0
SWKS,3.0
SYKE,3.0
SYNA,3.0
TCX,3.0
TDC,3.0
TEAM,3.0
TENB,3.0
TER,3.0
TLS,3.0
TRMB,3.0
TTD,3.0
TTEC,3.0
TTMI,3.0
TWLO,3.0
TXN,3.0
TYL,3.0
U,3.0
UCTT,3.0
UI,3.0
UIS,3.0
UPLD,3.0
V,3.0
VECO,3.0
VERI,3.0
VG,3.0
VIAV,3.0
VLDR,3.0
VMW,3.0
VNT,3.0
VPG,3.0
VRNS,3.0
VRNT,3.0
VRRM,3.0
VRSN,3.0
VSAT,3.0
VSH,3.0
WDAY,3.0
WDC,3.0
WEX,3.0
WIX,3.0
WK,3.0
WU,3.0
XLNX,3.0
XPER,3.0
XRX,3.0
YEXT,3.0
ZBRA,3.0
ZEN,3.0
ZIXI,3.0
ZM,3.0
ZS,3.0
ZUO,3.0
AA,4.0
ALB,4.0
AMCR,4.0
AMRS,4.0
APD,4.0
ARD,4.0
ARNC,4.0
ASH,4.0
ASIX,4.0
ATI,4.0
ATR,4.0
AVD,4.0
AVNT,4.0
AVY,4.0
AXTA,4.0
BCPC,4.0
BERY,4.0
BLL,4.0
CBT,4.0
CC,4.0
CCF,4.0
CCK,4.0
CDE,4.0
CE,4.0
CENX,4.0
CF,4.0
CLF,4.0
CLW,4.0
CMC,4.0
CMP,4.0
CRS,4.0
CSTM,4.0
CTVA,4.0
DD,4.0
DNMR,4.0
DOW,4.0
DSEY,4.0
ECL,4.0
ECVT,4.0
EMN,4.0
ESI,4.0
EXP,4.0
FCX,4.0
FMC,4.0
FOE,4.0
FRTA,4.0
FUL,4.0
GATO,4.0
GCP,4.0
GEF,4.0
GEFB,4.0
GLT,4.0
GPK,4.0
GRA,4.0
HAYN,4.0
HCC,4.0
HL,4.0
HUN,4.0
HWKN,4.0
IFF,4.0
IOSP,4.0
IP,4.0
KALU,4.0
KOP,4.0
KRA,4.0
KRO,4.0
KWR,4.0
LPX,4.0
LTHM,4.0
LYB,4.0
MLM,4.0
MOS,4.0
MP,4.0
MTRN,4.0
MTX,4.0
MYE,4.0
NEM,4.0
NEU,4.0
NG,4.0
NGVT,4.0
NP,4.0
NUE,4.0
OEC,4.0
OI,4.0
OLN,4.0
P5N994,4.0
PACK,4.0
PCT,4.0
PKG,4.0
PPG,4.0
PTVE,4.0
RGLD,4.0
RPM,4.0
RS,4.0
RYAM,4.0
SCCO,4.0
SCHN,4.0
SCL,4.0
SEE,4.0
SHW,4.0
SLGN,4.0
SMG,4.0
SON,4.0
STLD,4.0
SUM,4.0
SWM,4.0
SXC,4.0
SXT,4.0
TG,4.0
TMST,4.0
TROX,4.0
TSE,4.0
UFPT,4.0
UFS,4.0
USCR,4.0
VMC,4.0
VRS,4.0
VVV,4.0
WLK,4.0
WOR,4.0
WRK,4.0
X,4.0
ZY,4.0
AAT,5.0
ACC,5.0
ADC,5.0
AFIN,5.0
AHH,5.0
AHT,5.0
AIRC,5.0
AIV,5.0
AKR,5.0
ALEX,5.0
ALX,5.0
AMH,5.0
AMT,5.0
APLE,5.0
APTS,5.0
ARE,5.0
AVB,5.0
BDN,5.0
BFS,5.0
BNL,5.0
BRX,5.0
BXP,5.0
CBRE,5.0
CCI,5.0
CHCT,5.0
CIO,5.0
CLDT,5.0
CLI,5.0
COLD,5.0
CONE,5.0
COR,5.0
CPLG,5.0
CPT,5.0
CSR,5.0
CTRE,5.0
CTT,5.0
CUBE,5.0
CUZ,5.0
CWK,5.0
CXP,5.0
DBRG,5.0
DEA,5.0
DEI,5.0
DHC,5.0
DLR,5.0
DOC,5.0
DRE,5.0
DRH,5.0
EGP,5.0
ELS,5.0
EPR,5.0
EPRT,5.0
EQC,5.0
EQIX,5.0
EQR,5.0
ESRT,5.0
ESS,5.0
EXPI,5.0
EXR,5.0
FCPT,5.0
FOR,5.0
FPI,5.0
FR,5.0
FRPH,5.0
FRT,5.0
FSP,5.0
GEO,5.0
GLPI,5.0
GMRE,5.0
GNL,5.0
GOOD,5.0
GTY,5.0
HHC,5.0
HIW,5.0
HPP,5.0
HR,5.0
HST,5.0
HT,5.0
HTA,5.0
IIPR,5.0
ILPT,5.0
INDT,5.0
INN,5.0
INVH,5.0
IRM,5.0
IRT,5.0
JBGS,5.0
JLL,5.0
JOE,5.0
KIM,5.0
KRC,5.0
KRG,5.0
KW,5.0
LAMR,5.0
LAND,5.0
LSI,5.0
LTC,5.0
LXP,5.0
MAA,5.0
MAC,5.0
MMI,5.0
MNR,5.0
MPW,5.0
NHI,5.0
NMRK,5.0
NNN,5.0
NSA,5.0
NTST,5.0
NXRT,5.0
O,5.0
OFC,5.0
OHI,5.0
OLP,5.0
OPEN,5.0
OPI,5.0
OUT,5.0
PCH,5.0
PDM,5.0
PEAK,5.0
PEB,5.0
PGRE,5.0
PK,5.0
PLD,5.0
PLYM,5.0
PSA,5.0
PSB,5.0
QTS,5.0
RDFN,5.0
REG,5.0
REXR,5.0
RFL,5.0
RHP,5.0
RLGY,5.0
RLJ,5.0
RMAX,5.0
RMR,5.0
ROIC,5.0
RPAI,5.0
RPT,5.0
RVI,5.0
RYN,5.0
SAFE,5.0
SBAC,5.0
SBRA,5.0
SHO,5.0
SITC,5.0
SKT,5.0
SLG,5.0
SNR,5.0
SPG,5.0
SRC,5.0
SRG,5.0
STAG,5.0
STAR,5.0
STOR,5.0
SUI,5.0
SVC,5.0
TRC,5.0
TRNO,5.0
UBA,5.0
UDR,5.0
UE,5.0
UHT,5.0
UMH,5.0
UNIT,5.0
VER,5.0
VICI,5.0
VNO,5.0
VTR,5.0
WELL,5.0
WPC,5.0
WRE,5.0
WSR,5.0
WY,5.0
XHR,5.0
AEE,6.0
AEP,6.0
AES,6.0
AGR,6.0
ALE,6.0
ATO,6.0
AVA,6.0
AWK,6.0
AWR,6.0
BEPC,6.0
BIPC,6.0
BKH,6.0
CMS,6.0
CNP,6.0
CPK,6.0
CWEN,6.0
CWENA,6.0
CWT,6.0
D,6.0
DTE,6.0
DUK,6.0
ED,6.0
EIX,6.0
ES,6.0
ETR,6.0
EVRG,6.0
EXC,6.0
FE,6.0
HE,6.0
IDA,6.0
LNT,6.0
MDU,6.0
MGEE,6.0
MSEX,6.0
NEE,6.0
NFG,6.0
NI,6.0
NJR,6.0
NOVA,6.0
NRG,6.0
NWE,6.0
NWN,6.0
OGE,6.0
OGS,6.0
ORA,6.0
OTTR,6.0
PCG,6.0
PCYO,6.0
PEG,6.0
PNM,6.0
PNW,6.0
POR,6.0
PPL,6.0
SJI,6.0
SJW,6.0
SO,6.0
SR,6.0
SRE,6.0
SWX,6.0
UGI,6.0
UTL,6.0
VST,6.0
WEC,6.0
WTRG,6.0
XEL,6.0
YORW,6.0
ESU1,7.0
MSFUT,7.0
RTYU1,7.0
USD,7.0
XTSLA,7.0
AAN,8.0
AAP,8.0
ABG,8.0
ACEL,8.0
ADNT,8.0
AEO,8.0
AMZN,8.0
AN,8.0
ANF,8.0
AOUT,8.0
APEI,8.0
APTV,8.0
ARMK,8.0
ASO,8.0
ATGE,8.0
AXL,8.0
AZO,8.0
BALY,8.0
BBBY,8.0
BBWI,8.0
BBY,8.0
BC,8.0
BFAM,8.0
BGFV,8.0
BIG,8.0
BJRI,8.0
BKE,8.0
BKNG,8.0
BLD,8.0
BLMN,8.0
BLNK,8.0
BOOT,8.0
BURL,8.0
BVH,8.0
BWA,8.0
BYD,8.0
BZH,8.0
CAKE,8.0
CAL,8.0
CATO,8.0
CBRL,8.0
CCL,8.0
CCS,8.0
CHDN,8.0
CHGG,8.0
CHH,8.0
CHS,8.0
CHUY,8.0
CLAR,8.0
CMG,8.0
COLM,8.0
CONN,8.0
CORE,8.0
COUR,8.0
CPRI,8.0
CPS,8.0
CRI,8.0
CRMT,8.0
CROX,8.0
CSV,8.0
CTRN,8.0
CVCO,8.0
CVNA,8.0
CWH,8.0
CZR,8.0
DAN,8.0
DASH,8.0
DBI,8.0
DDS,8.0
DECK,8.0
DENN,8.0
DG,8.0
DHI,8.0
DIN,8.0
DKNG,8.0
DKS,8.0
DLTR,8.0
DORM,8.0
DPZ,8.0
DRI,8.0
EAT,8.0
EBAY,8.0
ELY,8.0
ETH,8.0
ETSY,8.0
EVRI,8.0
EXPE,8.0
EYE,8.0
F,8.0
FIVE,8.0
FL,8.0
FLWS,8.0
FND,8.0
FNKO,8.0
FOSL,8.0
FOXF,8.0
FRG,8.0
FSR,8.0
FTDR,8.0
FUV,8.0
GAN,8.0
GCO,8.0
GDEN,8.0
GES,8.0
GHC,8.0
GIII,8.0
GM,8.0
GME,8.0
GNOG,8.0
GNTX,8.0
GNUS,8.0
GOEV,8.0
GOLF,8.0
GPC,8.0
GPI,8.0
GPRO,8.0
GPS,8.0
GRBK,8.0
GRMN,8.0
GRPN,8.0
GRWG,8.0
GT,8.0
H,8.0
HAS,8.0
HAYW,8.0
HBI,8.0
HD,8.0
HELE,8.0
HGV,8.0
HIBB,8.0
HLT,8.0
HMHC,8.0
HOFT,8.0
HOG,8.0
HOV,8.0
HRB,8.0
HVT,8.0
HZO,8.0
IBP,8.0
IGT,8.0
IRBT,8.0
JACK,8.0
JOUT,8.0
JWN,8.0
KBH,8.0
KMX,8.0
KSS,8.0
KTB,8.0
LAD,8.0
LAUR,8.0
LCII,8.0
LE,8.0
LEA,8.0
LEG,8.0
LEN,8.0
LENB,8.0
LESL,8.0
LGIH,8.0
LIND,8.0
LKQ,8.0
LL,8.0
LOCO,8.0
LOPE,8.0
LOVE,8.0
LOW,8.0
LQDT,8.0
LRN,8.0
LULU,8.0
LVS,8.0
LZB,8.0
M,8.0
MAR,8.0
MAT,8.0
MBUU,8.0
MCD,8.0
MCFT,8.0
MCRI,8.0
MDC,8.0
MGM,8.0
MHK,8.0
MHO,8.0
MNRO,8.0
MOD,8.0
MOV,8.0
MPAA,8.0
MTH,8.0
MTN,8.0
MUSA,8.0
NCLH,8.0
NDLS,8.0
NGMS,8.0
NKE,8.0
NLS,8.0
NVR,8.0
NWL,8.0
ODP,8.0
OLLI,8.0
ONEW,8.0
ORLY,8.0
OSTK,8.0
OSW,8.0
OXM,8.0
PAG,8.0
PATK,8.0
PENN,8.0
PETS,8.0
PHM,8.0
PII,8.0
PLAY,8.0
PLBY,8.0
PLCE,8.0
PLNT,8.0
POOL,8.0
POWW,8.0
PRDO,8.0
PRPL,8.0
PRTS,8.0
PRTY,8.0
PTON,8.0
PVH,8.0
PZZA,8.0
QRTEA,8.0
QS,8.0
QUOT,8.0
RCII,8.0
RCKY,8.0
RCL,8.0
REAL,8.0
RGR,8.0
RH,8.0
RICK,8.0
RIDE,8.0
RL,8.0
ROST,8.0
RRGB,8.0
RRR,8.0
RSI,8.0
RUTH,8.0
RVLV,8.0
SAH,8.0
SBH,8.0
SBUX,8.0
SCI,8.0
SCVL,8.0
SEAS,8.0
SFIX,8.0
SFT,8.0
SGMS,8.0
SHAK,8.0
SHOO,8.0
SIG,8.0
SIX,8.0
SKX,8.0
SKY,8.0
SMP,8.0
SNBR,8.0
SONO,8.0
SPWH,8.0
SRI,8.0
SSTK,8.0
STMP,8.0
STRA,8.0
SWBI,8.0
SWIM,8.0
TA,8.0
TACO,8.0
TCS,8.0
TEN,8.0
TGT,8.0
THO,8.0
THRM,8.0
TJX,8.0
TLYS,8.0
TMHC,8.0
TMX,8.0
TNL,8.0
TOL,8.0
TPH,8.0
TPR,8.0
TPX,8.0
TSCO,8.0
TSLA,8.0
TUP,8.0
TWOU,8.0
TXRH,8.0
UA,8.0
UAA,8.0
UEIC,8.0
ULTA,8.0
URBN,8.0
VAC,8.0
VC,8.0
VFC,8.0
VRM,8.0
VSCO,8.0
VSTO,8.0
VUZI,8.0
VVNT,8.0
W,8.0
WEN,8.0
WGO,8.0
WH,8.0
WHR,8.0
WINA,8.0
WING,8.0
WKHS,8.0
WOOF,8.0
WSM,8.0
WW,8.0
WWW,8.0
WYNN,8.0
XPEL,8.0
YETI,8.0
YUM,8.0
YUMC,8.0
ZUMZ,8.0
ABCB,9.0
ABR,9.0
ABTX,9.0
ACBI,9.0
ACGL,9.0
ACRE,9.0
AEL,9.0
AFG,9.0
AFL,9.0
AGM,9.0
AGNC,9.0
AGO,9.0
AIG,9.0
AIZ,9.0
AJG,9.0
ALL,9.0
ALLY,9.0
ALRS,9.0
ALTA,9.0
AMBC,9.0
AMG,9.0
AMK,9.0
AMP,9.0
AMRK,9.0
AMSF,9.0
AMTB,9.0
ANAT,9.0
AON,9.0
APAM,9.0
APO,9.0
ARES,9.0
ARGO,9.0
ARI,9.0
AROW,9.0
ARR,9.0
ASB,9.0
ATH,9.0
AUB,9.0
AX,9.0
AXP,9.0
AXS,9.0
BAC,9.0
BANC,9.0
BANF,9.0
BANR,9.0
BCOR,9.0
BEN,9.0
BFC,9.0
BFST,9.0
BGCP,9.0
BHB,9.0
BHF,9.0
BHLB,9.0
BK,9.0
BKU,9.0
BLK,9.0
BLX,9.0
BMRC,9.0
BMTC,9.0
BOH,9.0
BOKF,9.0
BPOP,9.0
BRBS,9.0
BRKB,9.0
BRKL,9.0
BRMK,9.0
BRO,9.0
BRP,9.0
BRSP,9.0
BSIG,9.0
BSRR,9.0
BUSE,9.0
BWB,9.0
BX,9.0
BXMT,9.0
BXS,9.0
BY,9.0
C,9.0
CAC,9.0
CACC,9.0
CADE,9.0
CASH,9.0
CATC,9.0
CATY,9.0
CB,9.0
CBOE,9.0
CBSH,9.0
CBTX,9.0
CBU,9.0
CCNE,9.0
CFB,9.0
CFFN,9.0
CFG,9.0
CFR,9.0
CG,9.0
CHCO,9.0
CIM,9.0
CINF,9.0
CIT,9.0
CIVB,9.0
CLBK,9.0
CMA,9.0
CME,9.0
CMO,9.0
CNA,9.0
CNNE,9.0
CNO,9.0
CNOB,9.0
CNS,9.0
COF,9.0
COLB,9.0
COOP,9.0
COWN,9.0
CPF,9.0
CSTR,9.0
CTBI,9.0
CUBI,9.0
CVBF,9.0
CZNC,9.0
DCOM,9.0
DFIN,9.0
DFS,9.0
DHIL,9.0
DX,9.0
EBC,9.0
EBSB,9.0
EBTC,9.0
ECPG,9.0
EFC,9.0
EFSC,9.0
EGBN,9.0
EHTH,9.0
EIG,9.0
ENVA,9.0
EQBK,9.0
EQH,9.0
ERIE,9.0
ESGR,9.0
ESNT,9.0
EVR,9.0
EWBC,9.0
FAF,9.0
FBC,9.0
FBK,9.0
FBMS,9.0
FBNC,9.0
FBP,9.0
FCBC,9.0
FCF,9.0
FCFS,9.0
FCNCA,9.0
FDS,9.0
FFBC,9.0
FFIC,9.0
FFIN,9.0
FFWM,9.0
FHB,9.0
FHI,9.0
FHN,9.0
FIBK,9.0
FISI,9.0
FITB,9.0
FLIC,9.0
FMBH,9.0
FMBI,9.0
FMNB,9.0
FNB,9.0
FNF,9.0
FOA,9.0
FOCS,9.0
FRC,9.0
FRME,9.0
FRST,9.0
FULT,9.0
GABC,9.0
GBCI,9.0
GBL,9.0
GDOT,9.0
GL,9.0
GNW,9.0
GOCO,9.0
GPMT,9.0
GS,9.0
GSBC,9.0
GSHD,9.0
GWB,9.0
HAFC,9.0
HASI,9.0
HBAN,9.0
HBNC,9.0
HCI,9.0
HFWA,9.0
HIFS,9.0
HIG,9.0
HLI,9.0
HLNE,9.0
HMN,9.0
HMST,9.0
HOMB,9.0
HONE,9.0
HOPE,9.0
HTBI,9.0
HTBK,9.0
HTH,9.0
HTLF,9.0
HWC,9.0
IBCP,9.0
IBKR,9.0
IBOC,9.0
IBTX,9.0
ICE,9.0
INDB,9.0
ISBC,9.0
IVR,9.0
IVZ,9.0
JEF,9.0
JHG,9.0
JPM,9.0
JRVR,9.0
KEY,9.0
KKR,9.0
KMPR,9.0
KNSL,9.0
KREF,9.0
KRNY,9.0
L,9.0
LADR,9.0
LAZ,9.0
LBAI,9.0
LC,9.0
LKFN,9.0
LMND,9.0
LNC,9.0
LOB,9.0
LPLA,9.0
LPRO,9.0
MBI,9.0
MBIN,9.0
MBWM,9.0
MC,9.0
MCB,9.0
MCBS,9.0
MCO,9.0
MCY,9.0
MET,9.0
MFA,9.0
MKL,9.0
MKTX,9.0
MMC,9.0
MOFG,9.0
MORN,9.0
MPB,9.0
MS,9.0
MSBI,9.0
MSCI,9.0
MTB,9.0
MTG,9.0
MVBF,9.0
NAVI,9.0
NBHC,9.0
NBTB,9.0
NCBS,9.0
NDAQ,9.0
NFBK,9.0
NLY,9.0
NMIH,9.0
NNI,9.0
NRZ,9.0
NTB,9.0
NTRS,9.0
NWBI,9.0
NWLI,9.0
NYCB,9.0
NYMT,9.0
OBNK,9.0
OCFC,9.0
OFG,9.0
OMF,9.0
ONB,9.0
OPRT,9.0
OPY,9.0
ORC,9.0
ORI,9.0
OSBC,9.0
OZK,9.0
PACW,9.0
PB,9.0
PBCT,9.0
PEBO,9.0
PFBC,9.0
PFC,9.0
PFG,9.0
PFIS,9.0
PFS,9.0
PFSI,9.0
PGC,9.0
PGR,9.0
PIPR,9.0
PJT,9.0
PLMR,9.0
PMT,9.0
PNC,9.0
PNFP,9.0
PPBI,9.0
PRA,9.0
PRAA,9.0
PRG,9.0
PRI,9.0
PRK,9.0
PRU,9.0
QCRH,9.0
RBCAA,9.0
RBNC,9.0
RC,9.0
RDN,9.0
RE,9.0
RF,9.0
RGA,9.0
RILY,9.0
RJF,9.0
RKT,9.0
RLI,9.0
RM,9.0
RNR,9.0
RNST,9.0
RWT,9.0
SAFT,9.0
SASR,9.0
SBCF,9.0
SBNY,9.0
SBSI,9.0
SC,9.0
SCHW,9.0
SCU,9.0
SEIC,9.0
SF,9.0
SFBS,9.0
SFNC,9.0
SFST,9.0
SI,9.0
SIGI,9.0
SIVB,9.0
SLM,9.0
SLQT,9.0
SMBC,9.0
SMBK,9.0
SNEX,9.0
SNV,9.0
SPFI,9.0
SPGI,9.0
SPNT,9.0
SRCE,9.0
SSB,9.0
STBA,9.0
STC,9.0
STEP,9.0
STFC,9.0
STL,9.0
STT,9.0
STWD,9.0
STXB,9.0
SYBT,9.0
SYF,9.0
TBBK,9.0
TBK,9.0
TCBI,9.0
TCBK,9.0
TFC,9.0
TFSL,9.0
THFF,9.0
THG,9.0
TMP,9.0
TOWN,9.0
TREE,9.0
TRMK,9.0
TROW,9.0
TRST,9.0
TRTX,9.0
TRUP,9.0
TRV,9.0
TSC,9.0
TW,9.0
TWO,9.0
UBSI,9.0
UCBI,9.0
UFCS,9.0
UMBF,9.0
UMPQ,9.0
UNM,9.0
UPST,9.0
USB,9.0
UVE,9.0
UVSP,9.0
UWMC,9.0
VBTX,9.0
VIRT,9.0
VLY,9.0
VOYA,9.0
VRTS,9.0
WABC,9.0
WAFD,9.0
WAL,9.0
WASH,9.0
WBS,9.0
WD,9.0
WETF,9.0
WFC,9.0
WLTW,9.0
WRB,9.0
WRLD,9.0
WSBC,9.0
WSBF,9.0
WSFS,9.0
WTBA,9.0
WTFC,9.0
WTM,9.0
Y,9.0
ZION,9.0
AAL,10.0
AAON,10.0
AAWW,10.0
ABM,10.0
ACA,10.0
ACCO,10.0
ACM,10.0
ADT,10.0
AGCO,10.0
AGX,10.0
AIMC,10.0
AIN,10.0
AIR,10.0
AIT,10.0
AJRD,10.0
AL,10.0
ALG,10.0
ALGT,10.0
ALK,10.0
ALLE,10.0
ALSN,10.0
ALTG,10.0
AME,10.0
AMOT,10.0
AMRC,10.0
AMSC,10.0
AMWD,10.0
AOS,10.0
APG,10.0
APOG,10.0
AQUA,10.0
ARCB,10.0
ARRY,10.0
ASGN,10.0
ASTE,10.0
ATKR,10.0
ATRO,10.0
ATSG,10.0
AVAV,10.0
AWI,10.0
AXON,10.0
AYI,10.0
AZEK,10.0
AZZ,10.0
B,10.0
BA,10.0
BAH,10.0
BBSI,10.0
BCC,10.0
BCO,10.0
BE,10.0
BECN,10.0
BLBD,10.0
BLDR,10.0
BRC,10.0
BV,10.0
BW,10.0
BWXT,10.0
CACI,10.0
CAI,10.0
CAR,10.0
CARR,10.0
CAT,10.0
CBZ,10.0
CFX,10.0
CHPT,10.0
CHRW,10.0
CIR,10.0
CLH,10.0
CLVT,10.0
CMCO,10.0
CMI,10.0
CMPR,10.0
CMRE,10.0
CNR,10.0
CPA,10.0
CPRT,10.0
CR,10.0
CRAI,10.0
CSGP,10.0
CSL,10.0
CSWI,10.0
CSX,10.0
CTAS,10.0
CVA,10.0
CW,10.0
CWST,10.0
CXW,10.0
DAL,10.0
DCI,10.0
DCO,10.0
DE,10.0
DLX,10.0
DM,10.0
DNB,10.0
DNOW,10.0
DOOR,10.0
DOV,10.0
DRVN,10.0
DXPE,10.0
DY,10.0
EAF,10.0
EBF,10.0
ECHO,10.0
ECOL,10.0
EFX,10.0
EGLE,10.0
EME,10.0
EMR,10.0
ENS,10.0
EPAC,10.0
ERII,10.0
ESE,10.0
ETN,10.0
EXPD,10.0
EXPO,10.0
FAST,10.0
FBHS,10.0
FC,10.0
FCEL,10.0
FCN,10.0
FDX,10.0
FELE,10.0
FIX,10.0
FLOW,10.0
FLR,10.0
FLS,10.0
FORR,10.0
FSS,10.0
FTV,10.0
FWRD,10.0
GATX,10.0
GBX,10.0
GD,10.0
GE,10.0
GFF,10.0
GGG,10.0
GIC,10.0
GLDD,10.0
GMS,10.0
GNK,10.0
GNRC,10.0
GRC,10.0
GTES,10.0
GTLS,10.0
GVA,10.0
GWW,10.0
GXO,10.0
HA,10.0
HCCI,10.0
HCSG,10.0
HEES,10.0
HEI,10.0
HEIA,10.0
HI,10.0
HII,10.0
HLIO,10.0
HNI,10.0
HON,10.0
HRI,10.0
HSC,10.0
HSII,10.0
HTLD,10.0
HUBB,10.0
HUBG,10.0
HURN,10.0
HWM,10.0
HXL,10.0
HY,10.0
HYFM,10.0
HYLN,10.0
HYRE,10.0
IAA,10.0
ICFI,10.0
IDEX,10.0
IESC,10.0
IEX,10.0
IIIN,10.0
INFO,10.0
IR,10.0
ITT,10.0
ITW,10.0
J,10.0
JBHT,10.0
JBLU,10.0
JBT,10.0
JCI,10.0
JELD,10.0
KAI,10.0
KAMN,10.0
KAR,10.0
KBAL,10.0
KBR,10.0
KELYA,10.0
KEX,10.0
KFRC,10.0
KFY,10.0
KMT,10.0
KNX,10.0
KSU,10.0
KTOS,10.0
LDL,10.0
LDOS,10.0
LECO,10.0
LHX,10.0
LII,10.0
LMT,10.0
LNN,10.0
LSTR,10.0
LUV,10.0
LXFR,10.0
LYFT,10.0
MAN,10.0
MANT,10.0
MAS,10.0
MATW,10.0
MATX,10.0
MAXR,10.0
MEG,10.0
MGRC,10.0
MIC,10.0
MIDD,10.0
MLHR,10.0
MLI,10.0
MLR,10.0
MMM,10.0
MOGA,10.0
MRC,10.0
MRCY,10.0
MRTN,10.0
MSA,10.0
MSM,10.0
MTOR,10.0
MTW,10.0
MTZ,10.0
MWA,10.0
MYRG,10.0
NDSN,10.0
NKLA,10.0
NLSN,10.0
NOC,10.0
NPK,10.0
NPO,10.0
NSC,10.0
NSP,10.0
NVEE,10.0
NVT,10.0
NX,10.0
OC,10.0
ODFL,10.0
OFLX,10.0
OSK,10.0
OTIS,10.0
PAE,10.0
PBI,10.0
PCAR,10.0
PGTI,10.0
PH,10.0
PLOW,10.0
PLUG,10.0
PNR,10.0
PRIM,10.0
PRLB,10.0
PSN,10.0
PWR,10.0
R,10.0
RAVN,10.0
RBC,10.0
REKR,10.0
REVG,10.0
REZI,10.0
RGP,10.0
RHI,10.0
RMO,10.0
ROAD,10.0
ROCK,10.0
ROK,10.0
ROL,10.0
ROLL,10.0
ROP,10.0
RRD,10.0
RSG,10.0
RTX,10.0
RUN,10.0
RUSHA,10.0
RUSHB,10.0
RXN,10.0
SAIA,10.0
SAIC,10.0
SAVE,10.0
SCS,10.0
SHLS,10.0
SHYF,10.0
SITE,10.0
SKYW,10.0
SNA,10.0
SNCY,10.0
SNDR,10.0
SP,10.0
SPCE,10.0
SPR,10.0
SPXC,10.0
SRCL,10.0
SSD,10.0
ST,10.0
STEM,10.0
STRL,10.0
SWK,10.0
SXI,10.0
TBI,10.0
TDG,10.0
TDY,10.0
TEX,10.0
TGH,10.0
TGI,10.0
THR,10.0
TILE,10.0
TITN,10.0
TKR,10.0
TNC,10.0
TNET,10.0
TPC,10.0
TPIC,10.0
TREX,10.0
TRN,10.0
TRNS,10.0
TRS,10.0
TRTN,10.0
TRU,10.0
TSP,10.0
TT,10.0
TTC,10.0
TTEK,10.0
TWI,10.0
TXT,10.0
UAL,10.0
UAVS,10.0
UBER,10.0
UFPI,10.0
UHAL,10.0
ULCC,10.0
UNF,10.0
UNP,10.0
UNVR,10.0
UPS,10.0
UPWK,10.0
URI,10.0
VEC,10.0
VICR,10.0
VIEW,10.0
VMI,10.0
VRSK,10.0
VRT,10.0
VRTV,10.0
VSEC,10.0
VVI,10.0
WAB,10.0
WBT,10.0
WCC,10.0
WERN,10.0
WIRE,10.0
WLDN,10.0
WM,10.0
WMS,10.0
WNC,10.0
WSC,10.0
WSO,10.0
WTS,10.0
WWD,10.0
XONE,10.0
XPO,10.0
XYL,10.0
